공구,노선명,통제구간_원문,키워드_추출,매칭_노드수,start_keyword,start_node_id,start_lat,start_lon,end_keyword,end_node_id,end_lat,end_lon,affected_link_count,affected_link_ids
1공구,계족로,읍내삼거리 일원 (옹벽 2구간 L=180m 포함),['읍내삼거리'],1,읍내삼거리,1870001217,36.38221812785242,127.42591051854806,읍내삼거리,1870001217,36.38221812785242,127.42591051854806,0,[]
1공구,계족로,동부여성가족원 ~ 읍내동 보도육교,"['동부여성가족원', '읍내동 보도육교']",1,동부여성가족원,1870001217,36.38221812785242,127.42591051854806,동부여성가족원,1870001217,36.38221812785242,127.42591051854806,0,[]
1공구,신탄진로,알뜰주유소 ~ 성우보육원(=연축동 291번지 일원),"['알뜰주유소', '성우보육원']",2,알뜰주유소,1870177402,36.394184509006024,127.4248059206445,성우보육원,1870177402,36.394184509006024,127.4248059206445,0,[]
2공구,계족로,계족로677~667 / 663번길23~637 / 629~중리북로4 / 법동네거리(보람아파트 부근),"['계족로677', '667', '663번길23', '637', '629', '중리북로4', '법동네거리']",4,667,1860000306,36.267188579061006,127.27975658049344,법동네거리,1870001006,36.37077769075298,127.4289072228166,8,"[1860168101, 1860015801, 1870049200, 1860015800, 1870002004, 1860000321, 1870002008, 1870047204]"
3공구,한밭대로,농수산오거리 ~ 동대전농협 대덕지점,"['농수산오거리', '동대전농협 대덕지점']",1,동대전농협 대덕지점,1830008906,36.328226462002156,127.45423521392989,동대전농협 대덕지점,1830008906,36.328226462002156,127.45423521392989,0,[]
4공구,한밭대로·대덕대로,선사유적네거리~정부청사역네거리~한밭대로네거리~보라매역네거리,"['선사유적네거리', '정부청사역네거리', '한밭대로네거리', '보라매역네거리']",2,선사유적네거리,1850005107,36.35972625851607,127.37942404062599,정부청사역네거리,1850005004,36.35757736319477,127.37931805285112,8,"[1850011600, 1850140101, 1850011702, 1850011704, 1850139900, 1850131700, 1850011803, 1850131701]"
5공구,대덕대로,선사유적네거리 ~ 대덕대교네거리,"['선사유적네거리', '대덕대교네거리']",2,선사유적네거리,1850005107,36.35972625851607,127.37942404062599,대덕대교네거리,1850005503,36.370857528096934,127.37943651965915,8,"[1850012702, 1850152200, 1850140101, 1850011702, 1850011704, 1850139900, 1850152201, 1850012502]"
6공구,대학로,구성삼거리 ~ 카이스트교삼거리,"['구성삼거리', '카이스트교삼거리']",2,구성삼거리,1860031907,36.369392147727,127.37047125273939,카이스트교삼거리,1860029805,36.367403724536636,127.36750524942592,6,"[1860088304, 1860604901, 1860082203, 1860604900, 1860082204, 1860082202]"
7공구,도안대로,트리풀시티5단지네거리(=도안5단지네거리 인근) ~ 상대지하차도 시점부(L=500m),"['트리풀시티5단지네거리', '상대지하차도']",2,트리풀시티5단지네거리,1865795904,36.33600786409936,127.3337878445091,상대지하차도,1865795904,36.33600786409936,127.3337878445091,0,[]
7공구,도안대로,유성네거리 ~ 도안5단지네거리,"['유성네거리', '도안5단지네거리']",1,유성네거리,1860001419,36.35386292236218,127.34148097967264,유성네거리,1860001419,36.35386292236218,127.34148097967264,0,[]
7공구,대학로(온천교),궁동481 ~ 봉명동608(온천교 일원),"['궁동481', '봉명동608']",2,궁동481,1860027401,36.360330437502064,127.34400544985722,봉명동608,1860023801,36.35738730924878,127.34283968065908,7,"[1860074500, 1860058301, 1860073600, 1860070501, 1860073601, 1860062300, 1860064900]"
9공구,계백로,구봉중삼거리 ~ 진잠네거리,"['구봉중삼거리', '진잠네거리']",2,구봉중삼거리,1850001206,36.3011730475773,127.3287052701558,진잠네거리,1850000904,36.29869677330737,127.32354881950788,7,"[1850027001, 1860632500, 1850028101, 1850265300, 1850027000, 1850003001, 1860633101]"
10공구,계백로,정림삼거리 ~ 도마삼거리(양방향),"['정림삼거리', '도마삼거리']",2,정림삼거리,1850002214,36.307538358029056,127.36441624386504,도마삼거리,1850002602,36.31068309017258,127.37479910721083,7,"[1850006101, 1850041901, 1850045101, 1850005302, 1850006300, 1850041900, 1850005301]"
12공구,계백로,삼성서비스센터~홈플러스문화점(서대전역네거리~서대전네거리),"['삼성서비스센터', '홈플러스문화점']",1,홈플러스문화점,1840002413,36.32076229402563,127.4067686919036,홈플러스문화점,1840002413,36.32076229402563,127.4067686919036,0,[]
12공구,계백로,홈플러스문화점 ~ 기독교연합봉사회관,"['홈플러스문화점', '기독교연합봉사회관']",1,홈플러스문화점,1840002413,36.32076229402563,127.4067686919036,홈플러스문화점,1840002413,36.32076229402563,127.4067686919036,0,[]
12공구,충무로,테미삼거리 ~ 보문산공원오거리,"['테미삼거리', '보문산공원오거리']",2,테미삼거리,1840002003,36.31824165260843,127.41979026268527,보문산공원오거리,1840006301,36.301208367683394,127.41770948573183,4,"[1840031101, 1840004501, 1840004500, 1840015200]"
13공구,동광장로,대전역 죽전네거리 ~ 베스티안병원네거리,"['대전역 죽전네거리', '베스티안병원네거리']",1,베스티안병원네거리,1840002410,36.320537335506216,127.40550016794451,베스티안병원네거리,1840002410,36.320537335506216,127.40550016794451,0,[]
13공구,중앙로(대전역 지하차도),죽전네거리 → 대전역네거리 방향,"['죽전네거리', '대전역네거리']",2,죽전네거리,1860038501,36.38133134926171,127.32420554308972,대전역네거리,1840002410,36.320537335506216,127.40550016794451,8,"[1840197203, 1860108800, 1840197202, 1840005104, 1860108801, 1860108500, 1840006003, 1860108501]"
14공구,동대전로·한밭대로,우송삼거리 ~ 가양네거리,"['우송삼거리', '가양네거리']",2,우송삼거리,1830010809,36.335935404946184,127.44260914215555,가양네거리,1830014804,36.34543864918277,127.44569890035348,8,"[1830028304, 1830453902, 1830037100, 1830040402, 1830038601, 1830453901, 1830038701, 1830028302]"
