segment_id,nearest_station_name,second_station_name,link_count,priority_score,priority_score_mean,bc_under_construction,bc_change,lane_remain_ratio,speed_penalty_multiplier,ROAD_RANK,risk_grade,segment_name,rank
NON_TRAM,서대전네거리,비노선,24695,57.2,16.273974488762907,0.003274066745741206,0.0004328913505142913,0.5,0.4,104,🟡 주의,서대전네거리 ↔ 비노선,1
SEG_39_239_240,유천,버드내네거리,18,51.0,36.166666666666664,0.00467048955290347,-0.0190130182334126,0.5,0.4,103,🟡 주의,유천 ↔ 버드내네거리,2
SEG_03_203_204,대사,보문산공원,24,44.9,36.545833333333334,0.01226907436664332,-0.015702159251332188,0.5714285714285714,0.55,103,🟡 주의,대사 ↔ 보문산공원,3
SEG_05_205_206,인동,대전역(중앙시장),40,43.1,36.697500000000005,0.02196178226574208,0.002171954182753098,1.0,1.0,103,🟡 주의,인동 ↔ 대전역(중앙시장),4
SEG_21_221_222,국립중앙과학관,구성,15,41.4,27.666666666666668,0.002676959775569011,0.0015255329679166303,0.6,0.55,104,🟡 주의,국립중앙과학관 ↔ 구성,5
SEG_22_222_223,구성,유성구청,20,40.8,20.134999999999998,0.0011885451164017039,0.0002846105711594903,0.6,0.55,104,🟡 주의,구성 ↔ 유성구청,6
SEG_02_202_203,서대전네거리,대사,12,38.1,29.808333333333337,0.016654139391091886,-0.011230156389158858,1.0,1.0,103,🟢 정상,서대전네거리 ↔ 대사,7
SEG_43_242_243,읍내,법동,9,37.3,34.422222222222224,0.014971327935188282,0.003575014481592434,0.75,1.0,104,🟢 정상,읍내 ↔ 법동,8
SEG_45_233_245,관저네거리,진잠네거리,22,36.6,34.63636363636363,0.002959360473250211,-0.009994020098237901,0.5,0.55,103,🟢 정상,관저네거리 ↔ 진잠네거리,9
SEG_35_235_236,정림삼거리,가수원네거리,16,35.6,34.975,0.0035731178536589476,-0.033236338183918517,0.5,0.4,103,🟢 정상,정림삼거리 ↔ 가수원네거리,10
SEG_36_236_237,도마·복수,정림삼거리,18,34.2,32.91111111111111,0.0009407199303666244,-0.03603648003513373,0.5,0.4,103,🟢 정상,도마·복수 ↔ 정림삼거리,11
SEG_15_215_216,둔산,오정농수산물시장,14,34.1,29.471428571428568,0.00430111679883307,-0.03114178838564128,0.5,0.4,104,🟢 정상,둔산 ↔ 오정농수산물시장,12
SEG_01_201_202,서대전네거리,서대전역,18,33.9,31.772222222222222,0.0013304821961441526,-0.019058396007752457,0.5,0.4,103,🟢 정상,서대전네거리 ↔ 서대전역,13
SEG_33_233_234,관저,관저네거리,12,33.9,32.775,0.0008051706032084473,-0.014085853511665353,0.5,0.55,103,🟢 정상,관저 ↔ 관저네거리,14
SEG_34_234_235,관저,가수원네거리,10,33.9,33.339999999999996,0.0014983323887398843,-0.02576499728962379,0.5,0.4,103,🟢 정상,관저 ↔ 가수원네거리,15
SEG_38_238_239,도마네거리,버드내네거리,24,33.4,31.400000000000002,0.0007709284636255273,-0.025282187887111503,0.5,0.4,103,🟢 정상,도마네거리 ↔ 버드내네거리,16
SEG_37_237_238,도마네거리,도마·복수,11,32.8,32.54545454545455,0.00047354079876186524,-0.03353864069441012,0.5,0.4,103,🟢 정상,도마네거리 ↔ 도마·복수,17
SEG_40_240_201,서대전역,유천,12,32.5,30.925,0.0004897890100289437,-0.01676425626283516,0.5,0.4,103,🟢 정상,서대전역 ↔ 유천,18
SEG_07_207_208,대전역(혁신도시),대동,22,32.0,21.072727272727274,0.0011504685786390943,-0.0006324085748417493,0.5,0.4,104,🟢 정상,대전역(혁신도시) ↔ 대동,19
SEG_11_211_212,용전,대전복합터미널,17,31.5,27.394117647058824,0.0031720440092789285,-0.005782234474976217,0.5,0.4,104,🟢 정상,용전 ↔ 대전복합터미널,20
SEG_04_204_205,인동,보문산공원,29,31.3,30.56896551724138,0.0006964487309835809,-0.017052549186434104,0.5714285714285714,0.55,103,🟢 정상,인동 ↔ 보문산공원,21
SEG_42_241_242,동춘당,법동,7,31.3,27.099999999999998,0.009132035073089432,0.0015271240356471978,0.75,1.0,104,🟢 정상,동춘당 ↔ 법동,22
SEG_41_212_241,동춘당,용전,10,31.3,28.089999999999996,0.01026445506388873,-0.0007227990947554148,0.75,1.0,104,🟢 정상,동춘당 ↔ 용전,23
SEG_08_208_209,대동,자양,27,29.6,27.496296296296297,0.0013614681163787734,-0.0019086183118873778,0.5,0.4,104,🟢 정상,대동 ↔ 자양,24
SEG_09_209_210,자양,가양,22,28.6,27.913636363636364,0.0009519582498907491,-0.0037295575644313923,0.5,0.4,104,🟢 정상,자양 ↔ 가양,25
SEG_13_213_214,오정,중리,6,28.6,28.150000000000002,0.0012623214766037296,-0.014480419425576823,0.5,0.4,104,🟢 정상,오정 ↔ 중리,26
SEG_12_212_213,용전,중리,18,28.6,26.788888888888888,0.001119203613246354,-0.011211629465336029,0.5,0.4,104,🟢 정상,용전 ↔ 중리,27
SEG_06_206_207,대전역(중앙시장),대전역(혁신도시),8,28.3,19.45,0.0006655734364470204,-0.0028787570163528544,0.5,0.4,104,🟢 정상,대전역(중앙시장) ↔ 대전역(혁신도시),28
SEG_23_223_224,유성구청,궁동,23,28.3,25.043478260869566,0.0005725035876513733,-0.024519783534750126,0.5,0.4,104,🟢 정상,유성구청 ↔ 궁동,29
SEG_14_214_215,오정,오정농수산물시장,10,28.0,27.639999999999997,0.0005985221000253731,-0.013122527966838599,0.5,0.4,104,🟢 정상,오정 ↔ 오정농수산물시장,30
SEG_10_210_211,대전복합터미널,가양,13,27.8,27.415384615384614,0.0003019777932288915,-0.007514781697041179,0.5,0.4,104,🟢 정상,대전복합터미널 ↔ 가양,31
SEG_17_217_218,정부청사,샘머리공원,8,27.4,27.2375,5.181845024269982e-05,-0.02564530393084312,0.5,0.4,104,🟢 정상,정부청사 ↔ 샘머리공원,32
SEG_18_218_219,정부청사,둔산선사유적지,23,27.3,19.73913043478261,0.0019375849622101334,-0.0065031041898242995,0.5,0.4,104,🟢 정상,정부청사 ↔ 둔산선사유적지,33
SEG_16_216_217,샘머리공원,둔산,2,27.2,27.2,4.66527831997007e-07,-0.027605941698468313,0.5,0.4,104,🟢 정상,샘머리공원 ↔ 둔산,34
SEG_24_224_225,유성온천,궁동,24,25.9,23.370833333333334,0.0008434616274838469,-0.006923373355401605,0.6,0.5,104,🟢 정상,유성온천 ↔ 궁동,35
SEG_19_219_220,만년,둔산선사유적지,17,22.2,16.77058823529412,0.0006051096146534994,-0.007422768530543029,0.6666666666666666,0.55,105,🟢 정상,만년 ↔ 둔산선사유적지,36
SEG_44_243_244,읍내,연축,15,21.3,19.720000000000002,0.002194219850588693,-0.0012288363160514368,0.75,0.5,104,🟢 정상,읍내 ↔ 연축,37
SEG_20_220_221,국립중앙과학관,만년,10,19.4,18.759999999999998,0.0007573627873924316,-0.01015461484816626,0.6666666666666666,0.55,105,🟢 정상,국립중앙과학관 ↔ 만년,38
SEG_29_229_230,도안,용계,22,19.2,17.986363636363635,0.001332844021796071,-0.0023551180032214776,0.8333333333333334,0.5,104,🟢 정상,도안 ↔ 용계,39
SEG_30_230_231,대정,용계,20,18.8,17.575,0.0014684159152809537,-0.0014977048335594238,0.8333333333333334,0.5,104,🟢 정상,대정 ↔ 용계,40
SEG_26_226_227,원골,상대,6,18.4,17.8,0.0007937870732863053,-0.00410067429825937,0.8333333333333334,0.5,104,🟢 정상,원골 ↔ 상대,41
SEG_28_228_229,대전시립박물관,도안,9,18.4,17.0,0.0013211884266450867,-0.0032220652749021103,0.8333333333333334,0.5,104,🟢 정상,대전시립박물관 ↔ 도안,42
SEG_31_231_232,원앙네거리,대정,19,18.3,17.605263157894736,0.0008909572696465761,-0.002319924098377144,0.8333333333333334,0.5,104,🟢 정상,원앙네거리 ↔ 대정,43
SEG_32_232_233,원앙네거리,관저네거리,12,18.0,15.891666666666666,0.0004978642054865479,-0.0026520665025893298,0.8333333333333334,0.5,104,🟢 정상,원앙네거리 ↔ 관저네거리,44
SEG_25_225_226,상대,유성온천,6,17.6,17.45,0.0003444806396467792,-0.006965305679570024,0.8333333333333334,0.5,104,🟢 정상,상대 ↔ 유성온천,45
SEG_27_227_228,원골,대전시립박물관,6,17.3,17.216666666666665,4.392133798978274e-05,-0.0031789030897285526,0.8333333333333334,0.5,104,🟢 정상,원골 ↔ 대전시립박물관,46
